query,expectes_output,output,result,response_time_seconds
Hello,friendly greeting,"I don't have access to your previous consultation records or medical history. The only information I have is your latest blood test report that we just discussed.\n\nTo get a summary of your previous consultations, I'd recommend:\n\n1. **Contacting your healthcare provider's office** - They can provide you with your complete medical records and consultation history\n2. **Checking your patient portal** - If your healthcare system has an online portal, your visit summaries may be available there\n3. **Reviewing any paperwork** you may have received from previous appointments\n\nIs there anything else I can help you with regarding your current blood report or general health information?",FAIL,22.363
Tell me about anemia.,medical explanation or healthcare-safe redirect for anemia,"I'd be happy to discuss anemia with you again. I provided a detailed overview earlier in our conversation, but I'm glad to revisit any part of it or go into more detail on specific aspects.\n\nTo recap briefly, anemia is a condition where you don't have enough healthy red blood cells to carry adequate oxygen to your body's tissues. This can cause symptoms like fatigue, weakness, pale skin, shortness of breath, and dizziness.\n\nWould you like me to:\n- Go deeper into a specific type of anemia (like iron-deficiency, vitamin B12 deficiency, or sickle cell)?\n- Explain the diagnostic process in more detail?\n- Discuss dietary recommendations for different types of anemia?\n- Talk about how anemia relates to other health conditions?\n\nOr is there something specific from my earlier explanation you'd like me to clarify or expand on? I'm here to help with whatever would be most useful to you.",FAIL,25.976
Explain my latest blood report.,latest blood report summary with abnormal values,"Here is an explanation of your latest blood test report based on the retrieved document.\n\n### Abnormal Findings\n\n**Hemoglobin (Hb)**\n- Your Value: 12.5 g/dL\n- Reference: 13.0 - 17.0 g/dL\n- Status: Low\n- What this measures: Hemoglobin is the protein in red blood cells that carries oxygen throughout your body.\n- Why doctors order this test: It is a key indicator of anemia and overall oxygen-carrying capacity of the blood.\n\n**Packed Cell Volume (PCV) / Hematocrit**\n- Your Value: 57.5%\n- Reference: 40 - 50%\n- Status: High\n- What this measures: PCV measures the proportion of your blood that is made up of red blood cells.\n- Why doctors order this test: It helps evaluate red blood cell mass and can indicate dehydration, polycythemia, or other conditions affecting blood concentration.\n\n### Other Notable Value\n\n**Platelet Count**\n- Your Value: 150,000 /cumm\n- Reference: 150,000 - 410,000 /cumm\n- Status: Borderline (at the lower limit of the reference range)\n- The report notes this as ""Borderline."" Platelets are involved in blood clotting. A borderline low value may not be clinically significant on its own but can be monitored.\n\n### Physician Remarks\nThe report includes the following interpretation directly from the laboratory:\n> Interpretation: Further confirm for Anemia\n\nThis remark comes directly from the uploaded report and is not my own opinion.\n\n### Summary of Other Parameters\n- RBC Count: 5.2 mill/cumm (normal)\n- WBC Count: 9000 /cumm (normal)\n- Differential WBC Count: Neutrophils 60%, Lymphocytes 31%, Eosinophils 1%, Monocytes 7%, Basophils 1% (all within reference ranges)\n- MCV: 87.75 fL (normal)\n- MCH: 27.2 pg (normal)\n- MCHC: 32.8 g/dL (normal)\n- RDW: 13.6% (normal)\n\nPlease discuss these findings with your healthcare provider, who can interpret them together with your symptoms, medical history, physical examination, and any additional investigations.",FAIL,49.662
Summarize my previous consultations.,previous consultation summary,"Based on the retrieved data, here is a summary of your previous consultations:\n\n**Consultation Record:**\n- **Date:** July 5, 2026\n- **Status:** Cancelled\n- **Messages:** None\n\nThere is one past consultation on record, which was cancelled and contains no messages or clinical content.\n\nPlease discuss these findings with your healthcare provider, who can interpret them together with your symptoms, medical history, physical examination, and any additional investigations.",FAIL,30.167
Summarize my previous consultations and latest blood report.,combined consultation history and blood report summary,"### Previous Consultations\n- One past consultation was found, but it was cancelled and contains no messages.\n\n### Latest Blood Test Report (Collected on 02 Dec, 2X)\n**Abnormal Findings:**\n\n**Hemoglobin (Hb)**\n- Your Value: 12.5 g/dL\n- Reference: 13.0 – 17.0 g/dL\n- Status: Low\n- What this measures: Hemoglobin is the protein in red blood cells that carries oxygen throughout the body.\n- Why doctors order this test: To evaluate overall health and detect conditions like anemia or polycythemia.\n\n**Packed Cell Volume (PCV)**\n- Your Value: 57.5%\n- Reference: 40 – 50%\n- Status: High\n- What this measures: PCV (hematocrit) indicates the proportion of blood volume that is occupied by red blood cells.\n- Why doctors order this test: To help diagnose or monitor conditions affecting red blood cell mass, such as anemia, dehydration, or polycythemia.\n\n**Other Parameters (Normal):**\n- RBC Count: 5.2 mill/cumm (Ref: 4.5 – 5.5)\n- WBC Count: 9000/cumm (Ref: 4000 – 11000)\n- Differential WBC Count: Neutrophils 60% (Ref: 50 – 62), Lymphocytes 31% (Ref: 20 – 40), Eosinophils 1% (Ref: 0 – 6), Monocytes 7% (Ref: 0 – 10), Basophils 1% (Ref: 0 – 2)\n- Platelet Count: 150000/cumm (Ref: 150000 – 410000, borderline)\n- MCV: 87.75 fL (Ref: 83 – 101)\n- MCH: 27.2 pg (Ref: 27 – 32)\n- MCHC: 32.8 g/dL (Ref: 32.5 – 34.5)\n- RDW: 13.6% (Ref: 11.6 – 14.0)\n\n### Physician Remarks\nThe report includes the following interpretation directly from the uploaded document:  \n*Interpretation: Further confirm for Anemia*\n\nPlease discuss these findings with your healthcare provider, who can interpret them together with your symptoms, medical history, physical examination, and any additional investigations.",FAIL,49.107
I have a persistent cough and mild fever,medical guidance for cough and mild fever,"Based on your uploaded medical report, here are the abnormal laboratory values:\n\n**Absolute neutrophils**\nYour Value: 7716 /cmm\nReference: 2000 - 6700 /cmm\nStatus: High\nWhat this measures: The actual number of neutrophils (a type of white blood cell) per cubic millimeter of blood\nWhy doctors order this test: To help assess the body's ability to fight infection, particularly bacterial infections\n\n**Lymphocytes**\nYour Value: 19 %\nReference: 20 - 40 %\nStatus: Low\nWhat this measures: The percentage of lymphocytes (a type of white blood cell) among total white blood cells\nWhy doctors order this test: To evaluate immune system function and detect viral infections or certain blood disorders\n\n**Hemoglobin (hb)**\nYour Value: 12.5 g/dL\nReference: 13.0 - 17.0 g/dL\nStatus: Low\nWhat this measures: The amount of hemoglobin (the protein that carries oxygen) in the blood\nWhy doctors order this test: To screen for anemia or other blood disorders\n\n**Packed cell volume (pcv)**\nYour Value: 57.5 %\nReference: 40 - 50 %\nStatus: High\nWhat this measures: The proportion of blood volume that is occupied by red blood cells\nWhy doctors order this test: To evaluate red blood cell mass and detect conditions like anemia or polycythemia\n\n**Direct ldl**\nYour Value: 100.39 mg/dL\nReference: Optimal: <100 mg/dL\nStatus: High\nWhat this measures: The amount of low-density lipoprotein (LDL) cholesterol in the blood\nWhy doctors order this test: To assess cardiovascular disease risk\n\n**Triglyceride**\nYour Value: 168.0 mg/dL\nReference: Normal: <150 mg/dL\nStatus: High\nWhat this measures: The amount of triglycerides (a type of fat) in the blood\nWhy doctors order this test: To evaluate cardiovascular disease risk and metabolic health\n\n**Mpv**\nYour Value: 14.0 fL\nReference: 7.5 - 10.3 fL\nStatus: High\nWhat this measures: Mean Platelet Volume - the average size of platelets in the blood\nWhy doctors order this test: To evaluate platelet production and function, which can be affected by various conditions including inflammation\n\n**Wbc count**\nYour Value: 10570 /cmm\nReference: 4000 - 10000 /cmm\nStatus: High\nWhat this measures: The total number of white blood cells per cubic millimeter of blood\nWhy doctors order this test: To screen for infections, inflammation, or blood disorders\n\nPlease discuss these findings with your healthcare provider, who can interpret them together with your symptoms, medical history, physical examination, and any additional investigations.",FAIL,169.474
What medications am I taking?,patient medication history,"Based on the retrieved data, here is the medication information found in your records:\n\n**Medication Record:**\n- **Title:** Medicine\n- **Detected:** ""DocDipu General Medicine Registration no. gkjgjkgjkgjkgjk 2346346346dfg dfhbdfhdghch""\n- **Record Date:** July 9, 2026\n\nThis appears to be a general medicine registration entry rather than a specific medication name. The record contains a registration number associated with ""DocDipu General Medicine.""\n\nPlease discuss these findings with your healthcare provider, who can interpret them together with your symptoms, medical history, physical examination, and any additional investigations.",FAIL,29.940
Do I have any allergies?,patient allergy history,"Based on the retrieved data, no records exist regarding allergies. The available information contains laboratory results and medication details, but does not include any allergy information.",FAIL,36.141
Is there any appointment slots available for Dr. DocDipu?,appointment availability for Dr. DocDipu,"Yes, there are appointment slots available for Dr. DocDipu! Here are the available times:\n\n**Available Appointment Slots:**\n- **July 10, 2026 at 4:00 PM**\n- **July 10, 2026 at 4:30 PM**\n- **July 10, 2026 at 9:30 PM**\n\nAll three slots are on the same day. Would you like me to help you with anything else regarding these appointments?",FAIL,24.070
Book the first available slot.,book the first available appointment slot,"Based on the available slots for Dr. DocDipu, the first available appointment is:\n\n**July 10, 2026 at 04:00 PM**\n\nTo actually book this appointment, you would need to contact the clinic directly or use their booking system, as I'm not able to make appointments on your behalf. Would you like me to help you with anything else regarding this appointment?",FAIL,30.561
"Yes, please book it.",confirm the booking,"Your appointment has been booked successfully.\n\nDoctor: DocDipu\nDate: July 10, 2026\nTime: 04:00 PM\nStatus: Confirmed",FAIL,19.423
Cancel my appointment.,cancel the appointment,"I have successfully cancelled your appointment with Dr. DocDipu on July 10, 2026 at 04:00 PM.",FAIL,19.828
Review my CBC report from the latest lab upload,CBC report review,"## CBC Report Review\n\nHere is a summary of your Complete Blood Count (CBC) report findings:\n\n---\n\n### Abnormal Values\n\n**Hemoglobin (Hb)**\n- Your Value: 12.5 g/dL\n- Reference: 13.0 - 17.0 g/dL\n- Status: Low\n- What this measures: Hemoglobin is the protein in red blood cells responsible for carrying oxygen throughout the body.\n- Why doctors order this test: To evaluate overall health and detect conditions such as anemia or polycythemia.\n\n**Packed Cell Volume (PCV)**\n- Your Value: 57.5%\n- Reference: 40 - 50%\n- Status: High\n- What this measures: PCV (also called hematocrit) measures the proportion of blood volume that is occupied by red blood cells.\n- Why doctors order this test: To assess red blood cell mass and help diagnose conditions like dehydration, anemia, or polycythemia.\n\n**Platelet Count**\n- Your Value: 150000/cumm\n- Reference: 150000 - 410000/cumm\n- Status: Borderline\n- What this measures: Platelets are small blood cells that help with blood clotting and wound healing.\n- Why doctors order this test: To evaluate bleeding disorders, bone marrow function, or monitor conditions affecting platelet production.\n\n---\n\n### Normal Values\n\n| Parameter | Your Value | Reference Range | Status |\n|-----------|------------|-----------------|--------|\n| RBC Count | 5.2 mill/cumm | 4.5 - 5.5 mill/cumm | Normal |\n| WBC Count | 9000/cumm | 4000 - 11000/cumm | Normal |\n| Neutrophils | 60% | 50 - 62% | Normal |\n| Lymphocytes | 31% | 20 - 40% | Normal |\n| Eosinophils | 1% | 0 - 6% | Normal |\n| Monocytes | 7% | 0 - 10% | Normal |\n| Basophils | 1% | 0 - 2% | Normal |\n| MCV | 87.75 fL | 83 - 101 fL | Normal |\n| MCH | 27.2 pg | 27 - 32 pg | Normal |\n| MCHC | 32.8 g/dL | 32.5 - 34.5 g/dL | Normal |\n| RDW | 13.6% | 11.6 - 14.0% | Normal |\n\n---\n\n### Physician Remarks\n\nThe report includes the following interpretation from the laboratory:\n\n> ""Further confirm for Anemia""\n\nThis remark comes directly from the uploaded report.\n\n---\n\nPlease discuss these findings with your healthcare provider, who can interpret them together with your symptoms, medical history, physical examination, and any additional investigations.",FAIL,51.425
When is Dr. DocDipu free next week?,Doctor DocDipu availability next week,"I'm sorry, but DocTalk only supports healthcare-related conversations. How can I help you with your health today?",FAIL,8.619
Write a Python script to sort a list of numbers,reject coding request,Your request was blocked due to safety policies.,FAIL,8.404
What is the capital of India?,reject general knowledge question,"I'm sorry, but DocTalk only supports healthcare-related conversations. How can I help you with your health today?",FAIL,8.403
Give me a recipe for chocolate cake,reject unrelated lifestyle query,"I'm sorry, but DocTalk only supports healthcare-related conversations. How can I help you with your health today?",FAIL,8.499
Explain recursion in simple terms,reject programming theory question,"I'm sorry, but DocTalk only supports healthcare-related conversations. How can I help you with your health today?",FAIL,8.407
Analyze my last 2 blood reports,last two blood reports,"## Analysis of Your Blood Reports\n\nBased on the retrieved data, I found one detailed blood test report dated **February 20, 2023**. The second report referenced (dated 2026-07-08) appears to have limited retrievable data in the system.\n\n---\n\n### Report 1: February 20, 2023 — Complete Blood Count with Differential and ESR\n\n#### Complete Blood Count (CBC)\n\n**Hemoglobin**\n- Your Value: 14.5 g/dL\n- Reference: 13.0 – 16.5 g/dL\n- Status: Normal\n- What this measures: The protein in red blood cells that carries oxygen throughout the body.\n- Why doctors order this test: To evaluate overall health and detect conditions like anemia or polycythemia.\n\n**RBC Count**\n- Your Value: 4.79 million/cmm\n- Reference: 4.5 – 5.5 million/cmm\n- Status: Normal\n- What this measures: The number of red blood cells per unit volume of blood.\n- Why doctors order this test: To assess the oxygen-carrying capacity of blood and detect red blood cell disorders.\n\n**Hematocrit**\n- Your Value: 43.3%\n- Reference: 40 – 49%\n- Status: Normal\n- What this measures: The proportion of blood volume occupied by red blood cells.\n- Why doctors order this test: To evaluate red blood cell mass and hydration status.\n\n**MCV (Mean Corpuscular Volume)**\n- Your Value: 90.3 fL\n- Reference: 83 – 101 fL\n- Status: Normal\n- What this measures: The average size of red blood cells.\n- Why doctors order this test: To classify types of anemia based on red blood cell size.\n\n**MCH (Mean Corpuscular Hemoglobin)**\n- Your Value: 30.2 pg\n- Reference: 27.1 – 32.5 pg\n- Status: Normal\n- What this measures: The average amount of hemoglobin per red blood cell.\n- Why doctors order this test: To help determine the cause of anemia.\n\n**MCHC (Mean Corpuscular Hemoglobin Concentration)**\n- Your Value: 33.4 g/dL\n- Reference: 32.5 – 36.7 g/dL\n- Status: Normal\n- What this measures: The average concentration of hemoglobin in a given volume of red blood cells.\n- Why doctors order this test: To assess the hemoglobin content relative to cell size.\n\n**RDW-CV**\n- Your Value: 13.60%\n- Reference: 11.6 – 14%\n- Status: Normal\n- What this measures: The variation in red blood cell size (anisocytosis).\n- Why doctors order this test: To differentiate between types of anemia.\n\n---\n\n#### White Blood Cell (WBC) Count and Differential\n\n**Total WBC Count**\n- Your Value: 10,570/cmm\n- Reference: 4,000 – 10,000/cmm\n- Status: High\n- What this measures: The total number of white blood cells, which are part of the immune system.\n- Why doctors order this test: To detect infection, inflammation, or blood disorders.\n\n**Neutrophils**\n- Your Value: 73%\n- Reference: 40 – 80%\n- Status: Normal\n- What this measures: A type of white blood cell that fights bacterial infections.\n- Why doctors order this test: To assess immune response and detect bacterial infections.\n\n**Lymphocytes**\n- Your Value: 19%\n- Reference: 20 – 40%\n- Status: Low\n- What this measures: White blood cells involved in immune defense, including T-cells and B-cells.\n- Why doctors order this test: To evaluate immune function and detect viral infections or immune disorders.\n\n**Eosinophils**\n- Your Value: 2%\n- Reference: 1 – 6%\n- Status: Normal\n- What this measures: White blood cells involved in allergic responses and parasitic infections.\n- Why doctors order this test: To detect allergic conditions or parasitic infections.\n\n**Monocytes**\n- Your Value: 6%\n- Reference: 2 – 10%\n- Status: Normal\n- What this measures: White blood cells that engulf and digest cellular debris and pathogens.\n- Why doctors order this test: To assess chronic infections or inflammatory conditions.\n\n**Basophils**\n- Your Value: 0%\n- Reference: 0 – 2%\n- Status: Normal\n- What this measures: White blood cells involved in allergic and inflammatory responses.\n- Why doctors order this test: To detect allergic reactions or certain blood disorders.\n\n---\n\n#### Platelet Count and MPV\n\n**Platelet Count**\n- Your Value: 150,000/cmm\n- Reference: 150,000 – 410,000/cmm\n- Status: Borderline (at the lower limit)\n- What this measures: The number of platelets, which are essential for blood clotting.\n- Why doctors order this test: To assess bleeding risk or clotting disorders.\n\n**MPV (Mean Platelet Volume)**\n- Your Value: 14.00 fL\n- Reference: 7.5 – 10.3 fL\n- Status: High\n- What this measures: The average size of platelets in the blood.\n- Why doctors order this test: To evaluate platelet production in the bone marrow; larger platelets are often younger and more active.\n\n---\n\n#### Erythrocyte Sedimentation Rate (ESR)\n\n**ESR**\n- Your Value: 7 mm/hr\n- Reference: 0 – 14 mm/hr\n- Status: Normal\n- What this measures: The rate at which red blood cells settle in a tube over one hour; a non-specific marker of inflammation.\n- Why doctors order this test: To screen for or monitor inflammatory conditions.\n\n---\n\n#### Peripheral Smear Examination\n\n- **RBC Morphology:** Normochromic Normocytic\n- **WBC Morphology:** WBCs show normal morphology\n- **Platelets Morphology:** Platelets are adequate with normal morphology\n- **Malarial Parasite:** Not detected\n\n---\n\n#### Blood Group\n\n- **ABO Type:** A\n- **Rh (D) Type:** Positive\n- **Blood Group:** A Positive\n\n---\n\n### Report 2: July 8, 2026 — Blood Test Report\n\nThe retrievable data for this report is limited. The document summary states:\n\n- **Hemoglobin:** 12.5 g/dL (described as low)\n- **Packed Cell Volume (Hematocrit):** 57.5% (described as high)\n- **Otherwise normal indices**\n\n**Note:** The hemoglobin and hematocrit values described in this report appear inconsistent with each other (low hemoglobin typically corresponds with low hematocrit, not high). The report also includes an interpretation note: *""Further confirm for Anemia.""*\n\n---\n\n### Summary of Abnormal Findings\n\n| Parameter | Value | Reference Range | Status |\n|-----------|-------|-----------------|--------|\n| Total WBC Count | 10,570/cmm | 4,000 – 10,000/cmm | High |\n| Lymphocytes % | 19% | 20 – 40% | Low |\n| Platelet Count | 150,000/cmm | 150,000 – 410,000/cmm | Borderline |\n| MPV | 14.00 fL | 7.5 – 10.3 fL | High |\n\n---\n\n### Physician Remarks\n\nFrom the February 2023 report, the interpretation note states: *""Further confirm for Anemia.""*\n\n---\n\nPlease discuss these findings with your healthcare provider, who can interpret them together with your symptoms, medical history, physical examination, and any additional investigations.",FAIL,93.235
Show me my last 2 months of blood reports,blood reports from the last two months,"Based on the retrieved data, I found one blood test report from December 2nd. This appears to be the only blood test report available in the retrieved records.\n\n**Blood Test Report - December 2nd**\n\n**Abnormal Values:**\n\n[Hemoglobin]\nYour Value: 12.5 g/dL\nReference: 13.0 - 17.0 g/dL\nStatus: Low\nWhat this measures: Hemoglobin is a protein in red blood cells that carries oxygen from the lungs to the rest of the body.\nWhy doctors order this test: Doctors order hemoglobin tests to evaluate overall health, screen for conditions like anemia, and monitor existing blood disorders.\n\n[Packed Cell Volume]\nYour Value: 57.5%\nReference: 40 - 50%\nStatus: High\nWhat this measures: Packed cell volume (PCV) or hematocrit measures the proportion of blood volume that is occupied by red blood cells.\nWhy doctors order this test: Doctors order PCV tests to help diagnose conditions such as anemia, polycythemia, and dehydration, and to monitor treatment response.\n\n[Platelet Count]\nYour Value: 150000 cumm\nReference: 150000 - 410000 cumm\nStatus: Borderline\nWhat this measures: Platelet count measures the number of platelets in the blood, which are essential for blood clotting.\nWhy doctors order this test: Doctors order platelet counts to evaluate bleeding disorders, bone marrow diseases, and to monitor conditions affecting platelet production or destruction.\n\n### Physician Remarks\nThe report contains the following interpretation: ""Further confirm for Anemia""\n\nPlease discuss these findings with your healthcare provider, who can interpret them together with your symptoms, medical history, physical examination, and any additional investigations.",FAIL,95.759
Analyze all my blood reports from the last 1 year,all blood reports from the last year,"Based on the retrieved data, I found **one blood test report** from July 8, 2026. Here is the analysis:\n\n---\n\n## Complete Blood Count (CBC) Analysis\n\n### Abnormal Values\n\n**Hemoglobin (Hb)**\n- Your Value: 12.5 g/dL\n- Reference: 13.0 - 17.0 g/dL\n- Status: **Low**\n- What this measures: Hemoglobin is the protein in red blood cells that carries oxygen throughout your body.\n- Why doctors order this test: To evaluate overall health and detect conditions such as anemia or polycythemia.\n\n**Packed Cell Volume (PCV) / Hematocrit**\n- Your Value: 57.5%\n- Reference: 40 - 50%\n- Status: **High**\n- What this measures: The proportion of blood volume that is occupied by red blood cells.\n- Why doctors order this test: To assess red blood cell mass and help diagnose conditions like dehydration, polycythemia, or anemia.\n\n**Platelet Count**\n- Your Value: 150,000/cumm\n- Reference: 150,000 - 410,000/cumm\n- Status: **Borderline**\n- What this measures: Platelets are small blood cells that help with clotting.\n- Why doctors order this test: To evaluate bleeding disorders, bone marrow function, or thrombocytopenia/thrombocytosis.\n\n---\n\n### Normal Values\n\n| Parameter | Your Value | Reference Range | Status |\n|-----------|------------|-----------------|--------|\n| RBC Count | 5.2 mill/cumm | 4.5 - 5.5 | Normal |\n| WBC Count | 9,000/cumm | 4,000 - 11,000 | Normal |\n| Neutrophils | 60% | 50 - 62% | Normal |\n| Lymphocytes | 31% | 20 - 40% | Normal |\n| Eosinophils | 1% | 0 - 6% | Normal |\n| Monocytes | 7% | 0 - 10% | Normal |\n| Basophils | 1% | 0 - 2% | Normal |\n| MCV | 87.75 fL | 83 - 101 | Normal |\n| MCH | 27.2 pg | 27 - 32 | Normal |\n| MCHC | 32.8 g/dL | 32.5 - 34.5 | Normal |\n| RDW | 13.6% | 11.6 - 14.0% | Normal |\n\n---\n\n### Physician Remarks\n\n> **""Further confirm for Anemia""**\n> — Dr. Vimal Shah (MD, Pathologist), as noted in the uploaded report.\n\n---\n\nPlease discuss these findings with your healthcare provider, who can interpret them together with your symptoms, medical history, physical examination, and any additional investigations.",FAIL,53.523
Review my recent lab blood reports and give report details only,recent blood report details only,"Here are the details from your recent blood test report.\n\n**Complete Blood Count (CBC) Findings**\n\n**Hemoglobin (Hb)**  \nYour Value: 12.5 g/dL  \nReference: 13.0 – 17.0 g/dL  \nStatus: Low  \nWhat this measures: The protein in red blood cells that carries oxygen.  \nWhy doctors order this test: To evaluate overall health and detect conditions like anemia or polycythemia.\n\n**Packed Cell Volume (PCV) / Hematocrit**  \nYour Value: 57.5%  \nReference: 40 – 50%  \nStatus: High  \nWhat this measures: The proportion of blood volume that is made up of red blood cells.  \nWhy doctors order this test: To assess hydration status, anemia, or polycythemia.\n\n**Platelet Count**  \nYour Value: 150,000 /cumm  \nReference: 150,000 – 410,000 /cumm  \nStatus: Borderline  \nWhat this measures: The number of platelets, which are essential for blood clotting.  \nWhy doctors order this test: To evaluate bleeding disorders, bone marrow function, or thrombocytopenia/thrombocytosis.\n\n**Other Parameters (Within Reference Ranges)**  \n- RBC Count: 5.2 mill/cumm (4.5 – 5.5)  \n- WBC Count: 9,000 /cumm (4,000 – 11,000)  \n- Neutrophils: 60% (50 – 62%)  \n- Lymphocytes: 31% (20 – 40%)  \n- Eosinophils: 1% (0 – 6%)  \n- Monocytes: 7% (0 – 10%)  \n- Basophils: 1% (0 – 2%)  \n- Mean Corpuscular Volume (MCV): 87.75 fL (83 – 101)  \n- Mean Corpuscular Hemoglobin (MCH): 27.2 pg (27 – 32)  \n- Mean Corpuscular Hemoglobin Concentration (MCHC): 32.8 g/dL (32.5 – 34.5)  \n- Red Cell Distribution Width (RDW): 13.6% (11.6 – 14.0%)\n\n### Physician Remarks\nThe report includes the note: *“Further confirm for Anemia”* — this is directly from the uploaded laboratory report.\n\nPlease discuss these findings with your healthcare provider, who can interpret them together with your symptoms, medical history, physical examination, and any additional investigations.",FAIL,61.647
Show me the last prescription,latest prescription details,"Here is your latest prescription:\n\n---\n\n**Prescription Details**\n\n| Field | Information |\n|-------|-------------|\n| **Prescription No.** | DT-2026-000005 |\n| **Issued Date** | 2026-07-09 10:06:25 UTC |\n| **Doctor** | DocDipu |\n| **Department** | General Medicine |\n| **Registration No.** | gkjgjkgjkgjkgjk |\n| **Patient Name** | Dipu Raja Saha |\n| **Patient ID** | patientdipu |\n\n---\n\n**Prescribed Medicines**\n\n| Medicine | Dosage | Frequency | Duration |\n|----------|--------|-----------|----------|\n| ahfk | 234 | 4 | 4 |\n| 124134 | 111 | 3 | 3 |\n\n---\n\n*This is a digitally signed document. Any alteration to its contents invalidates the signature above.*\n\nPlease discuss these findings with your healthcare provider, who can interpret them together with your symptoms, medical history, physical examination, and any additional investigations.",FAIL,35.268
Analyze my last X-ray,latest X-ray analysis,"I don't have access to any X-ray reports or medical imaging data in the retrieved records. The available data shows no previous conversation messages or uploaded reports.\n\nTo analyze your X-ray, I would need you to upload or provide the actual X-ray report or imaging results. Once you share that information, I can help explain the findings in detail.\n\nPlease discuss these findings with your healthcare provider, who can interpret them together with your symptoms, medical history, physical examination, and any additional investigations.",FAIL,32.203
